<?xml version="1.0" encoding="UTF-8"?>
<methodCall>
   <methodName>GetAccountDetails</methodName>
   <params>
      <param>
         <value>
            <struct>
               <member>
                  <name>originNodeType</name>
                  <value>
                     <string>EXT</string>
                  </value>
               </member>
               <member>
                  <name>originHostName</name>
                  <value>
                     <string>meydvvmnmt02menalabcorplocal</string>
                  </value>
               </member>
               <member>
                  <name>originTransactionID</name>
                  <value>
                     <string>2019101016413517</string>
                  </value>
               </member>
               <member>
                  <name>originTimeStamp</name>
                  <value>
                     <dateTime.iso8601>20191010T16:41:35+0000</dateTime.iso8601>
                  </value>
               </member>
               <member>
                  <name>subscriberNumberNAI</name>
                  <value>
                     <int>1</int>
                  </value>
               </member>
               <member>
                  <name>negotiatedCapabilities</name>
                  <value>
                     <array>
                        <data>
                           <value>
                              <int>268763332</int>
                           </value>
                        </data>
                     </array>
                  </value>
               </member>
               <member>
                  <name>subscriberNumber</name>
                  <value>
                     <string>971520013077</string>
                  </value>
               </member>
               <member>
                  <name>requestedInformationFlags</name>
                  <value>
                     <struct>
                        <member>
                           <name>requestMasterAccountBalanceFlag</name>
                           <value>
                              <boolean>1</boolean>
                           </value>
                        </member>
                     </struct>
                  </value>
               </member>
               <member>
                  <name>requestPamInformationFlag</name>
                  <value>
                     <boolean>1</boolean>
                  </value>
               </member>
               <member>
                  <name>requestActiveOffersFlag</name>
                  <value>
                     <boolean>1</boolean>
                  </value>
               </member>
               <member>
                  <name>requestAttributesFlag</name>
                  <value>
                     <boolean>1</boolean>
                  </value>
               </member>
            </struct>
         </value>
      </param>
   </params>
</methodCall>
