<?xml version="1.0" encoding="iso-8859-1"?>
<methodCall>
<methodName>UpdateServiceClass</methodName>
<params>
 <param>
  <value>
   <struct>
    <member>
     <name>originNodeType</name>
     <value>
      <string>EXT</string>
     </value>
    </member>
    <member>
     <name>originHostName</name>
     <value>
      <string>meydvvmnmt02menalabcorplocal</string>
     </value>
    </member>
    <member>
     <name>originTransactionID</name>
     <value>
      <string>2019091916574756</string>
     </value>
    </member>
    <member>
     <name>originTimeStamp</name>
     <value>
      <dateTime.iso8601>20190919T16:57:47+0000</dateTime.iso8601>
     </value>
    </member>
    <member>
     <name>subscriberNumberNAI</name>
     <value>
      <int>1</int>
     </value>
    </member>
    <member>
     <name>subscriberNumber</name>
     <value>
      <string>971520002574</string>
     </value>
    </member>
    <member>
     <name>serviceClassNew</name>
     <value>
      <int>1051</int>
     </value>
    </member>
    <member>
     <name>serviceClassAction</name>
     <value>
      <string>SetOriginal</string>
     </value>
    </member>
   </struct>
  </value>
 </param>
</params>
</methodCall>
