<?xml version="1.0" encoding="ISO-8859-1"?><methodResponse><params><param><value><struct><member><name>accountFlagsAfter</name><value><struct><member><name>activationStatusFlag</name><value><boolean>1</boolean></value></member><member><name>negativeBarringStatusFlag</name><value><boolean>0</boolean></value></member><member><name>serviceFeePeriodExpiryFlag</name><value><boolean>0</boolean></value></member><member><name>serviceFeePeriodWarningActiveFlag</name><value><boolean>0</boolean></value></member><member><name>supervisionPeriodExpiryFlag</name><value><boolean>0</boolean></value></member><member><name>supervisionPeriodWarningActiveFlag</name><value><boolean>0</boolean></value></member></struct></value></member><member><name>accountFlagsBefore</name><value><struct><member><name>activationStatusFlag</name><value><boolean>1</boolean></value></member><member><name>negativeBarringStatusFlag</name><value><boolean>0</boolean></value></member><member><name>serviceFeePeriodExpiryFlag</name><value><boolean>0</boolean></value></member><member><name>serviceFeePeriodWarningActiveFlag</name><value><boolean>0</boolean></value></member><member><name>supervisionPeriodExpiryFlag</name><value><boolean>0</boolean></value></member><member><name>supervisionPeriodWarningActiveFlag</name><value><boolean>0</boolean></value></member></struct></value></member><member><name>accountValue1</name><value><string>0</string></value></member><member><name>availableServerCapabilities</name><value><array><data><value><i4>939860676</i4></value><value><i4>10028</i4></value></data></array></value></member><member><name>creditClearanceDate</name><value><dateTime.iso8601>20200919T12:00:00+0000</dateTime.iso8601></value></member><member><name>currency1</name><value><string>AED</string></value></member><member><name>dedicatedAccountInformation</name><value><array><data><value><struct><member><name>dedicatedAccountActiveValue1</name><value><string>225</string></value></member><member><name>dedicatedAccountID</name><value><i4>1</i4></value></member><member><name>dedicatedAccountUnitType</name><value><i4>1</i4></value></member><member><name>dedicatedAccountValue1</name><value><string>225</string></value></member><member><name>expiryDate</name><value><dateTime.iso8601>99991231T12:00:00+0000</dateTime.iso8601></value></member><member><name>startDate</name><value><dateTime.iso8601>00000101T12:00:00+0000</dateTime.iso8601></value></member></struct></value><value><struct><member><name>dedicatedAccountActiveValue1</name><value><string>0</string></value></member><member><name>dedicatedAccountID</name><value><i4>47</i4></value></member><member><name>dedicatedAccountUnitType</name><value><i4>1</i4></value></member><member><name>dedicatedAccountValue1</name><value><string>0</string></value></member><member><name>expiryDate</name><value><dateTime.iso8601>99991231T12:00:00+0000</dateTime.iso8601></value></member><member><name>startDate</name><value><dateTime.iso8601>00000101T12:00:00+0000</dateTime.iso8601></value></member></struct></value><value><struct><member><name>dedicatedAccountActiveValue1</name><value><string>45</string></value></member><member><name>dedicatedAccountID</name><value><i4>48</i4></value></member><member><name>dedicatedAccountUnitType</name><value><i4>1</i4></value></member><member><name>dedicatedAccountValue1</name><value><string>45</string></value></member><member><name>expiryDate</name><value><dateTime.iso8601>99991231T12:00:00+0000</dateTime.iso8601></value></member><member><name>startDate</name><value><dateTime.iso8601>00000101T12:00:00+0000</dateTime.iso8601></value></member></struct></value><value><struct><member><name>dedicatedAccountActiveValue1</name><value><string>1</string></value></member><member><name>dedicatedAccountID</name><value><i4>302</i4></value></member><member><name>dedicatedAccountUnitType</name><value><i4>5</i4></value></member><member><name>dedicatedAccountValue1</name><value><string>1</string></value></member><member><name>productID</name><value><i4>101</i4></value></member></struct></value></data></array></value></member><member><name>languageIDCurrent</name><value><i4>2</i4></value></member><member><name>negotiatedCapabilities</name><value><array><data><value><i4>268763332</i4></value></data></array></value></member><member><name>offerInformationList</name><value><array><data><value><struct><member><name>attributeInformationList</name><value><array><data><value><struct><member><name>attributeName</name><value><string>1stTimeActivation</string></value></member><member><name>attributeSource</name><value><i4>1</i4></value></member><member><name>attributeValueString</name><value><string>NULL</string></value></member></struct></value><value><struct><member><name>attributeName</name><value><string>2Active</string></value></member><member><name>attributeSource</name><value><i4>1</i4></value></member><member><name>attributeValueString</name><value><string>NULL</string></value></member></struct></value><value><struct><member><name>attributeName</name><value><string>AcctActiveMonth</string></value></member><member><name>attributeValueString</name><value><string>20160720T18:46:28+0400</string></value></member></struct></value><value><struct><member><name>attributeName</name><value><string>AcctActiveYear</string></value></member><member><name>attributeValueString</name><value><string>20200620T18:46:28+0400</string></value></member></struct></value><value><struct><member><name>attributeName</name><value><string>AloRchgBonusOptinDt</string></value></member><member><name>attributeSource</name><value><i4>1</i4></value></member><member><name>attributeValueString</name><value><string>NULL</string></value></member></struct></value><value><struct><member><name>attributeName</name><value><string>AmazonDeact</string></value></member><member><name>attributeSource</name><value><i4>1</i4></value></member><member><name>attributeValueString</name><value><string>NULL</string></value></member></struct></value><value><struct><member><name>attributeName</name><value><string>AmazonOptinDate</string></value></member><member><name>attributeSource</name><value><i4>1</i4></value></member><member><name>attributeValueString</name><value><string>NULL</string></value></member></struct></value><value><struct><member><name>attributeName</name><value><string>AmazonOptoutDate</string></value></member><member><name>attributeSource</name><value><i4>1</i4></value></member><member><name>attributeValueString</name><value><string>NULL</string></value></member></struct></value><value><struct><member><name>attributeName</name><value><string>AmazonSubDate</string></value></member><member><name>attributeSource</name><value><i4>1</i4></value></member><member><name>attributeValueString</name><value><string>NULL</string></value></member></struct></value><value><struct><member><name>attributeName</name><value><string>AmazonUnSubDate</string></value></member><member><name>attributeSource</name><value><i4>1</i4></value></member><member><name>attributeValueString</name><value><string>NULL</string></value></member></struct></value><value><struct><member><name>attributeName</name><value><string>Anniversarytopuppromo</string></value></member><member><name>attributeSource</name><value><i4>1</i4></value></member><member><name>attributeValueString</name><value><string>NULL</string></value></member></struct></value><value><struct><member><name>attributeName</name><value><string>AnniversarytopuppromoEnd</string></value></member><member><name>attributeSource</name><value><i4>1</i4></value></member><member><name>attributeValueString</name><value><string>NULL</string></value></member></struct></value><value><struct><member><name>attributeName</name><value><string>BBBundName</string></value></member><member><name>attributeSource</name><value><i4>1</i4></value></member><member><name>attributeValueString</name><value><string>NULL</string></value></member></struct></value><value><struct><member><name>attributeName</name><value><string>BBPromo</string></value></member><member><name>attributeSource</name><value><i4>1</i4></value></member><member><name>attributeValueString</name><value><string>NULL</string></value></member></struct></value><value><struct><member><name>attributeName</name><value><string>BBPromoEndDate</string></value></member><member><name>attributeSource</name><value><i4>1</i4></value></member><member><name>attributeValueString</name><value><string>NULL</string></value></member></struct></value><value><struct><member><name>attributeName</name><value><string>BBPromoSubDate</string></value></member><member><name>attributeSource</name><value><i4>1</i4></value></member><member><name>attributeValueString</name><value><string>NULL</string></value></member></struct></value><value><struct><member><name>attributeName</name><value><string>BSCSAct</string></value></member><member><name>attributeSource</name><value><i4>1</i4></value></member><member><name>attributeValueString</name><value><string>NULL</string></value></member></struct></value><value><struct><member><name>attributeName</name><value><string>BSCSaccountnum</string></value></member><member><name>attributeSource</name><value><i4>1</i4></value></member><member><name>attributeValueString</name><value><string>NULL</string></value></member></struct></value><value><struct><member><name>attributeName</name><value><string>BlckBrryActCnfrmDate</string></value></member><member><name>attributeSource</name><value><i4>1</i4></value></member><member><name>attributeValueString</name><value><string>NULL</string></value></member></struct></value><value><struct><member><name>attributeName</name><value><string>BlckBrryActReqDat</string></value></member><member><name>attributeSource</name><value><i4>1</i4></value></member><member><name>attributeValueString</name><value><string>NULL</string></value></member></struct></value><value><struct><member><name>attributeName</name><value><string>BlckBrryActReqDate</string></value></member><member><name>attributeSource</name><value><i4>1</i4></value></member><member><name>attributeValueString</name><value><string>NULL</string></value></member></struct></value><value><struct><member><name>attributeName</name><value><string>BlckBrryDeActCnfrmDt</string></value></member><member><name>attributeSource</name><value><i4>1</i4></value></member><member><name>attributeValueString</name><value><string>NULL</string></value></member></struct></value><value><struct><member><name>attributeName</name><value><string>BlckBrryDeActReqDate</string></value></member><member><name>attributeSource</name><value><i4>1</i4></value></member><member><name>attributeValueString</name><value><string>NULL</string></value></member></struct></value><value><struct><member><name>attributeName</name><value><string>BlckBrryDeactRbkDate</string></value></member><member><name>attributeSource</name><value><i4>1</i4></value></member><member><name>attributeValueString</name><value><string>NULL</string></value></member></struct></value><value><struct><member><name>attributeName</name><value><string>BlckBrryExpDate</string></value></member><member><name>attributeSource</name><value><i4>1</i4></value></member><member><name>attributeValueString</name><value><string>NULL</string></value></member></struct></value><value><struct><member><name>attributeName</name><value><string>BlckBrrySprssSMS</string></value></member><member><name>attributeSource</name><value><i4>1</i4></value></member><member><name>attributeValueString</name><value><string>NULL</string></value></member></struct></value><value><struct><member><name>attributeName</name><value><string>BronzeActDate</string></value></member><member><name>attributeSource</name><value><i4>1</i4></value></member><member><name>attributeValueString</name><value><string>NULL</string></value></member></struct></value><value><struct><member><name>attributeName</name><value><string>BronzeDeactDate</string></value></member><member><name>attributeSource</name><value><i4>1</i4></value></member><member><name>attributeValueString</name><value><string>NULL</string></value></member></struct></value><value><struct><member><name>attributeName</name><value><string>BronzeMPromoActDate</string></value></member><member><name>attributeValueString</name><value><string>20190309T20:38:53+0400</string></value></member></struct></value><value><struct><member><name>attributeName</name><value><string>BronzeMPromoDeactDate</string></value></member><member><name>attributeSource</name><value><i4>1</i4></value></member><member><name>attributeValueString</name><value><string>NULL</string></value></member></struct></value><value><struct><member><name>attributeName</name><value><string>BstrVINActReqDate</string></value></member><member><name>attributeSource</name><value><i4>1</i4></value></member><member><name>attributeValueString</name><value><string>NULL</string></value></member></struct></value><value><struct><member><name>attributeName</name><value><string>BstrVINConfirmDate</string></value></member><member><name>attributeSource</name><value><i4>1</i4></value></member><member><name>attributeValueString</name><value><string>NULL</string></value></member></struct></value><value><struct><member><name>attributeName</name><value><string>BstrVINDeActConfDate</string></value></member><member><name>attributeSource</name><value><i4>1</i4></value></member><member><name>attributeValueString</name><value><string>NULL</string></value></member></struct></value><value><struct><member><name>attributeName</name><value><string>BstrVINDeActReqDate</string></value></member><member><name>attributeSource</name><value><i4>1</i4></value></member><member><name>attributeValueString</name><value><string>NULL</string></value></member></struct></value><value><struct><member><name>attributeName</name><value><string>BstrVNNActReqDate</string></value></member><member><name>attributeSource</name><value><i4>1</i4></value></member><member><name>attributeValueString</name><value><string>NULL</string></value></member></struct></value><value><struct><member><name>attributeName</name><value><string>BstrVNNConfirmDate</string></value></member><member><name>attributeSource</name><value><i4>1</i4></value></member><member><name>attributeValueString</name><value><string>NULL</string></value></member></struct></value><value><struct><member><name>attributeName</name><value><string>BstrVNNDeActConfDate</string></value></member><member><name>attributeSource</name><value><i4>1</i4></value></member><member><name>attributeValueString</name><value><string>NULL</string></value></member></struct></value><value><struct><member><name>attributeName</name><value><string>BstrVNNDeActReqDate</string></value></member><member><name>attributeSource</name><value><i4>1</i4></value></member><member><name>attributeValueString</name><value><string>NULL</string></value></member></struct></value><value><struct><member><name>attributeName</name><value><string>BusMobPayg50</string></value></member><member><name>attributeSource</name><value><i4>1</i4></value></member><member><name>attributeValueString</name><value><string>NULL</string></value></member></struct></value><value><struct><member><name>attributeName</name><value><string>BusMobTopUp</string></value></member><member><name>attributeSource</name><value><i4>1</i4></value></member><member><name>attributeValueString</name><value><string>NULL</string></value></member></struct></value><value><struct><member><name>attributeName</name><value><string>CCFreeActivation</string></value></member><member><name>attributeSource</name><value><i4>1</i4></value></member><member><name>attributeValueString</name><value><string>NULL</string></value></member></struct></value><value><struct><member><name>attributeName</name><value><string>CSBAR</string></value></member><member><name>attributeSource</name><value><i4>1</i4></value></member><member><name>attributeValueString</name><value><string>0</string></value></member></struct></value><value><struct><member><name>attributeName</name><value><string>CSNotificationNum</string></value></member><member><name>attributeSource</name><value><i4>1</i4></value></member><member><name>attributeValueString</name><value><string>NULL</string></value></member></struct></value><value><struct><member><name>attributeName</name><value><string>CVMCounter</string></value></member><member><name>attributeSource</name><value><i4>1</i4></value></member><member><name>attributeValueString</name><value><string>Null</string></value></member></struct></value><value><struct><member><name>attributeName</name><value><string>CVMDeactDate</string></value></member><member><name>attributeSource</name><value><i4>1</i4></value></member><member><name>attributeValueString</name><value><string>NULL</string></value></member></struct></value><value><struct><member><name>attributeName</name><value><string>CashReturn</string></value></member><member><name>attributeSource</name><value><i4>1</i4></value></member><member><name>attributeValueString</name><value><string>NULL</string></value></member></struct></value><value><struct><member><name>attributeName</name><value><string>CommunityID1</string></value></member><member><name>attributeSource</name><value><i4>1</i4></value></member><member><name>attributeValueString</name><value><string>NULL</string></value></member></struct></value><value><struct><member><name>attributeName</name><value><string>CommunityID2</string></value></member><member><name>attributeSource</name><value><i4>1</i4></value></member><member><name>attributeValueString</name><value><string>NULL</string></value></member></struct></value><value><struct><member><name>attributeName</name><value><string>CommunityID3</string></value></member><member><name>attributeSource</name><value><i4>1</i4></value></member><member><name>attributeValueString</name><value><string>NULL</string></value></member></struct></value><value><struct><member><name>attributeName</name><value><string>CustomerID</string></value></member><member><name>attributeSource</name><value><i4>1</i4></value></member><member><name>attributeValueString</name><value><string>NULL</string></value></member></struct></value><value><struct><member><name>attributeName</name><value><string>DSPPromo</string></value></member><member><name>attributeSource</name><value><i4>1</i4></value></member><member><name>attributeValueString</name><value><string>NULL</string></value></member></struct></value><value><struct><member><name>attributeName</name><value><string>Date1</string></value></member><member><name>attributeSource</name><value><i4>1</i4></value></member><member><name>attributeValueString</name><value><string>NULL</string></value></member></struct></value><value><struct><member><name>attributeName</name><value><string>DisabilityActivationDate</string></value></member><member><name>attributeSource</name><value><i4>1</i4></value></member><member><name>attributeValueString</name><value><string>NULL</string></value></member></struct></value><value><struct><member><name>attributeName</name><value><string>DisabilityDectivationDate</string></value></member><member><name>attributeSource</name><value><i4>1</i4></value></member><member><name>attributeValueString</name><value><string>NULL</string></value></member></struct></value><value><struct><member><name>attributeName</name><value><string>DuCS</string></value></member><member><name>attributeSource</name><value><i4>1</i4></value></member><member><name>attributeValueString</name><value><string>NULL</string></value></member></struct></value><value><struct><member><name>attributeName</name><value><string>EntCust</string></value></member><member><name>attributeSource</name><value><i4>1</i4></value></member><member><name>attributeValueString</name><value><string>NULL</string></value></member></struct></value><value><struct><member><name>attributeName</name><value><string>GlobalZoneOptIn</string></value></member><member><name>attributeSource</name><value><i4>1</i4></value></member><member><name>attributeValueString</name><value><string>NULL</string></value></member></struct></value><value><struct><member><name>attributeName</name><value><string>GlobalZoneOptOut</string></value></member><member><name>attributeSource</name><value><i4>1</i4></value></member><member><name>attributeValueString</name><value><string>NULL</string></value></member></struct></value><value><struct><member><name>attributeName</name><value><string>HLRAddress</string></value></member><member><name>attributeValueString</name><value><string>971550930187</string></value></member></struct></value><value><struct><member><name>attributeName</name><value><string>HardCapAddonLabel</string></value></member><member><name>attributeSource</name><value><i4>1</i4></value></member><member><name>attributeValueString</name><value><string>NULL</string></value></member></struct></value><value><struct><member><name>attributeName</name><value><string>HardCapCash</string></value></member><member><name>attributeSource</name><value><i4>1</i4></value></member><member><name>attributeValueString</name><value><string>NULL</string></value></member></struct></value><value><struct><member><name>attributeName</name><value><string>HardCapLabel</string></value></member><member><name>attributeSource</name><value><i4>1</i4></value></member><member><name>attributeValueString</name><value><string>NULL</string></value></member></struct></value><value><struct><member><name>attributeName</name><value><string>HotSpotActDate</string></value></member><member><name>attributeSource</name><value><i4>1</i4></value></member><member><name>attributeValueString</name><value><string>NULL</string></value></member></struct></value><value><struct><member><name>attributeName</name><value><string>HotSpotDeactDate</string></value></member><member><name>attributeSource</name><value><i4>1</i4></value></member><member><name>attributeValueString</name><value><string>NULL</string></value></member></struct></value><value><struct><member><name>attributeName</name><value><string>HybdridDataBundle</string></value></member><member><name>attributeSource</name><value><i4>1</i4></value></member><member><name>attributeValueString</name><value><string>NULL</string></value></member></struct></value><value><struct><member><name>attributeName</name><value><string>HybdridVoiceBundle</string></value></member><member><name>attributeSource</name><value><i4>1</i4></value></member><member><name>attributeValueString</name><value><string>NULL</string></value></member></struct></value><value><struct><member><name>attributeName</name><value><string>ICPBundle</string></value></member><member><name>attributeSource</name><value><i4>1</i4></value></member><member><name>attributeValueString</name><value><string>NULL</string></value></member></struct></value><value><struct><member><name>attributeName</name><value><string>IDD2Act</string></value></member><member><name>attributeSource</name><value><i4>1</i4></value></member><member><name>attributeValueString</name><value><string>NULL</string></value></member></struct></value><value><struct><member><name>attributeName</name><value><string>IDD2ActDate</string></value></member><member><name>attributeSource</name><value><i4>1</i4></value></member><member><name>attributeValueString</name><value><string>NULL</string></value></member></struct></value><value><struct><member><name>attributeName</name><value><string>IDD2DeactDate</string></value></member><member><name>attributeSource</name><value><i4>1</i4></value></member><member><name>attributeValueString</name><value><string>NULL</string></value></member></struct></value><value><struct><member><name>attributeName</name><value><string>IDDBundleActDate</string></value></member><member><name>attributeSource</name><value><i4>1</i4></value></member><member><name>attributeValueString</name><value><string>NULL</string></value></member></struct></value><value><struct><member><name>attributeName</name><value><string>IDDCutRateActDate</string></value></member><member><name>attributeSource</name><value><i4>1</i4></value></member><member><name>attributeValueString</name><value><string>NULL</string></value></member></struct></value><value><struct><member><name>attributeName</name><value><string>IDDRC2OptinDate</string></value></member><member><name>attributeSource</name><value><i4>1</i4></value></member><member><name>attributeValueString</name><value><string>NULL</string></value></member></struct></value><value><struct><member><name>attributeName</name><value><string>IDDRC2OptoutDate</string></value></member><member><name>attributeSource</name><value><i4>1</i4></value></member><member><name>attributeValueString</name><value><string>NULL</string></value></member></struct></value><value><struct><member><name>attributeName</name><value><string>IDDRateCuttersOptinDate</string></value></member><member><name>attributeSource</name><value><i4>1</i4></value></member><member><name>attributeValueString</name><value><string>NULL</string></value></member></struct></value><value><struct><member><name>attributeName</name><value><string>IDDRateCuttersOptoutDate</string></value></member><member><name>attributeSource</name><value><i4>1</i4></value></member><member><name>attributeValueString</name><value><string>NULL</string></value></member></struct></value><value><struct><member><name>attributeName</name><value><string>IMEI</string></value></member><member><name>attributeSource</name><value><i4>1</i4></value></member><member><name>attributeValueString</name><value><string>NULL</string></value></member></struct></value><value><struct><member><name>attributeName</name><value><string>IMSI</string></value></member><member><name>attributeValueString</name><value><string>424030046672705</string></value></member></struct></value><value><struct><member><name>attributeName</name><value><string>INT1</string></value></member><member><name>attributeSource</name><value><i4>1</i4></value></member><member><name>attributeValueString</name><value><string>NULL</string></value></member></struct></value><value><struct><member><name>attributeName</name><value><string>INT2</string></value></member><member><name>attributeSource</name><value><i4>1</i4></value></member><member><name>attributeValueString</name><value><string>NULL</string></value></member></struct></value><value><struct><member><name>attributeName</name><value><string>INT3</string></value></member><member><name>attributeSource</name><value><i4>1</i4></value></member><member><name>attributeValueString</name><value><string>NULL</string></value></member></struct></value><value><struct><member><name>attributeName</name><value><string>INT4</string></value></member><member><name>attributeSource</name><value><i4>1</i4></value></member><member><name>attributeValueString</name><value><string>NULL</string></value></member></struct></value><value><struct><member><name>attributeName</name><value><string>INT5</string></value></member><member><name>attributeSource</name><value><i4>1</i4></value></member><member><name>attributeValueString</name><value><string>NULL</string></value></member></struct></value><value><struct><member><name>attributeName</name><value><string>INT6</string></value></member><member><name>attributeSource</name><value><i4>1</i4></value></member><member><name>attributeValueString</name><value><string>NULL</string></value></member></struct></value><value><struct><member><name>attributeName</name><value><string>INT7</string></value></member><member><name>attributeSource</name><value><i4>1</i4></value></member><member><name>attributeValueString</name><value><string>NULL</string></value></member></struct></value><value><struct><member><name>attributeName</name><value><string>INT8</string></value></member><member><name>attributeSource</name><value><i4>1</i4></value></member><member><name>attributeValueString</name><value><string>NULL</string></value></member></struct></value><value><struct><member><name>attributeName</name><value><string>IntRoam</string></value></member><member><name>attributeSource</name><value><i4>1</i4></value></member><member><name>attributeValueString</name><value><string>NULL</string></value></member></struct></value><value><struct><member><name>attributeName</name><value><string>InternationalMin</string></value></member><member><name>attributeSource</name><value><i4>1</i4></value></member><member><name>attributeValueString</name><value><string>NULL</string></value></member></struct></value><value><struct><member><name>attributeName</name><value><string>IntlCommunityOptinOut</string></value></member><member><name>attributeSource</name><value><i4>1</i4></value></member><member><name>attributeValueString</name><value><string>NULL</string></value></member></struct></value><value><struct><member><name>attributeName</name><value><string>Language</string></value></member><member><name>attributeSource</name><value><i4>1</i4></value></member><member><name>attributeValueString</name><value><string>NULL</string></value></member></struct></value><value><struct><member><name>attributeName</name><value><string>MBBOfferExpDate</string></value></member><member><name>attributeSource</name><value><i4>1</i4></value></member><member><name>attributeValueString</name><value><string>NULL</string></value></member></struct></value><value><struct><member><name>attributeName</name><value><string>Mercury2DOptinoutDate</string></value></member><member><name>attributeSource</name><value><i4>1</i4></value></member><member><name>attributeValueString</name><value><string>NULL</string></value></member></struct></value><value><struct><member><name>attributeName</name><value><string>Mercury2MOptinoutDate</string></value></member><member><name>attributeSource</name><value><i4>1</i4></value></member><member><name>attributeValueString</name><value><string>NULL</string></value></member></struct></value><value><struct><member><name>attributeName</name><value><string>MercuryDOptinDate</string></value></member><member><name>attributeSource</name><value><i4>1</i4></value></member><member><name>attributeValueString</name><value><string>NULL</string></value></member></struct></value><value><struct><member><name>attributeName</name><value><string>MercuryDOptoutDate</string></value></member><member><name>attributeSource</name><value><i4>1</i4></value></member><member><name>attributeValueString</name><value><string>NULL</string></value></member></struct></value><value><struct><member><name>attributeName</name><value><string>MercuryOptInOutDate</string></value></member><member><name>attributeSource</name><value><i4>1</i4></value></member><member><name>attributeValueString</name><value><string>NULL</string></value></member></struct></value><value><struct><member><name>attributeName</name><value><string>MssdCallNot</string></value></member><member><name>attributeSource</name><value><i4>1</i4></value></member><member><name>attributeValueString</name><value><string>NULL</string></value></member></struct></value><value><struct><member><name>attributeName</name><value><string>MusicFlavor</string></value></member><member><name>attributeSource</name><value><i4>1</i4></value></member><member><name>attributeValueString</name><value><string>NULL</string></value></member></struct></value><value><struct><member><name>attributeName</name><value><string>MusicPromo</string></value></member><member><name>attributeSource</name><value><i4>1</i4></value></member><member><name>attributeValueString</name><value><string>NULL</string></value></member></struct></value><value><struct><member><name>attributeName</name><value><string>NAT1</string></value></member><member><name>attributeSource</name><value><i4>1</i4></value></member><member><name>attributeValueString</name><value><string>NULL</string></value></member></struct></value><value><struct><member><name>attributeName</name><value><string>NAT10</string></value></member><member><name>attributeSource</name><value><i4>1</i4></value></member><member><name>attributeValueString</name><value><string>NULL</string></value></member></struct></value><value><struct><member><name>attributeName</name><value><string>NAT11</string></value></member><member><name>attributeSource</name><value><i4>1</i4></value></member><member><name>attributeValueString</name><value><string>NULL</string></value></member></struct></value><value><struct><member><name>attributeName</name><value><string>NAT12</string></value></member><member><name>attributeSource</name><value><i4>1</i4></value></member><member><name>attributeValueString</name><value><string>NULL</string></value></member></struct></value><value><struct><member><name>attributeName</name><value><string>NAT13</string></value></member><member><name>attributeSource</name><value><i4>1</i4></value></member><member><name>attributeValueString</name><value><string>NULL</string></value></member></struct></value><value><struct><member><name>attributeName</name><value><string>NAT14</string></value></member><member><name>attributeSource</name><value><i4>1</i4></value></member><member><name>attributeValueString</name><value><string>NULL</string></value></member></struct></value><value><struct><member><name>attributeName</name><value><string>NAT2</string></value></member><member><name>attributeSource</name><value><i4>1</i4></value></member><member><name>attributeValueString</name><value><string>NULL</string></value></member></struct></value><value><struct><member><name>attributeName</name><value><string>NAT3</string></value></member><member><name>attributeSource</name><value><i4>1</i4></value></member><member><name>attributeValueString</name><value><string>NULL</string></value></member></struct></value><value><struct><member><name>attributeName</name><value><string>NAT4</string></value></member><member><name>attributeSource</name><value><i4>1</i4></value></member><member><name>attributeValueString</name><value><string>NULL</string></value></member></struct></value><value><struct><member><name>attributeName</name><value><string>NAT5</string></value></member><member><name>attributeSource</name><value><i4>1</i4></value></member><member><name>attributeValueString</name><value><string>NULL</string></value></member></struct></value><value><struct><member><name>attributeName</name><value><string>NAT6</string></value></member><member><name>attributeSource</name><value><i4>1</i4></value></member><member><name>attributeValueString</name><value><string>NULL</string></value></member></struct></value><value><struct><member><name>attributeName</name><value><string>NAT7</string></value></member><member><name>attributeSource</name><value><i4>1</i4></value></member><member><name>attributeValueString</name><value><string>NULL</string></value></member></struct></value><value><struct><member><name>attributeName</name><value><string>NAT8</string></value></member><member><name>attributeSource</name><value><i4>1</i4></value></member><member><name>attributeValueString</name><value><string>NULL</string></value></member></struct></value><value><struct><member><name>attributeName</name><value><string>NAT9</string></value></member><member><name>attributeSource</name><value><i4>1</i4></value></member><member><name>attributeValueString</name><value><string>NULL</string></value></member></struct></value><value><struct><member><name>attributeName</name><value><string>NewPPBundle</string></value></member><member><name>attributeSource</name><value><i4>1</i4></value></member><member><name>attributeValueString</name><value><string>NULL</string></value></member></struct></value><value><struct><member><name>attributeName</name><value><string>NonStopSocAct</string></value></member><member><name>attributeSource</name><value><i4>1</i4></value></member><member><name>attributeValueString</name><value><string>0</string></value></member></struct></value><value><struct><member><name>attributeName</name><value><string>NonstopFullActDate</string></value></member><member><name>attributeSource</name><value><i4>1</i4></value></member><member><name>attributeValueString</name><value><string>NULL</string></value></member></struct></value><value><struct><member><name>attributeName</name><value><string>NonstopFullDeactDate</string></value></member><member><name>attributeSource</name><value><i4>1</i4></value></member><member><name>attributeValueString</name><value><string>NULL</string></value></member></struct></value><value><struct><member><name>attributeName</name><value><string>NonstopSocActDate</string></value></member><member><name>attributeSource</name><value><i4>1</i4></value></member><member><name>attributeValueString</name><value><string>NULL</string></value></member></struct></value><value><struct><member><name>attributeName</name><value><string>NonstopSocDeactDate</string></value></member><member><name>attributeSource</name><value><i4>1</i4></value></member><member><name>attributeValueString</name><value><string>NULL</string></value></member></struct></value><value><struct><member><name>attributeName</name><value><string>OriginHost</string></value></member><member><name>attributeSource</name><value><i4>1</i4></value></member><member><name>attributeValueString</name><value><string>NULL</string></value></member></struct></value><value><struct><member><name>attributeName</name><value><string>PAYGDataFNL</string></value></member><member><name>attributeSource</name><value><i4>1</i4></value></member><member><name>attributeValueString</name><value><string>NULL</string></value></member></struct></value><value><struct><member><name>attributeName</name><value><string>PAYGDataLineOffer</string></value></member><member><name>attributeSource</name><value><i4>1</i4></value></member><member><name>attributeValueString</name><value><string>NULL</string></value></member></struct></value><value><struct><member><name>attributeName</name><value><string>PAYGDataWH</string></value></member><member><name>attributeSource</name><value><i4>1</i4></value></member><member><name>attributeValueString</name><value><string>NULL</string></value></member></struct></value><value><struct><member><name>attributeName</name><value><string>PAYGDataWHSP</string></value></member><member><name>attributeSource</name><value><i4>1</i4></value></member><member><name>attributeValueString</name><value><string>NULL</string></value></member></struct></value><value><struct><member><name>attributeName</name><value><string>PAYGMet</string></value></member><member><name>attributeSource</name><value><i4>1</i4></value></member><member><name>attributeValueString</name><value><string>NULL</string></value></member></struct></value><value><struct><member><name>attributeName</name><value><string>PCN1stCall</string></value></member><member><name>attributeSource</name><value><i4>1</i4></value></member><member><name>attributeValueString</name><value><string>NULL</string></value></member></struct></value><value><struct><member><name>attributeName</name><value><string>PCNGlobalOptin</string></value></member><member><name>attributeSource</name><value><i4>1</i4></value></member><member><name>attributeValueString</name><value><string>NULL</string></value></member></struct></value><value><struct><member><name>attributeName</name><value><string>PCNGlobalOptout</string></value></member><member><name>attributeSource</name><value><i4>1</i4></value></member><member><name>attributeValueString</name><value><string>NULL</string></value></member></struct></value><value><struct><member><name>attributeName</name><value><string>PassOptInDate</string></value></member><member><name>attributeSource</name><value><i4>1</i4></value></member><member><name>attributeValueString</name><value><string>NULL</string></value></member></struct></value><value><struct><member><name>attributeName</name><value><string>PassOptOutDate</string></value></member><member><name>attributeSource</name><value><i4>1</i4></value></member><member><name>attributeValueString</name><value><string>NULL</string></value></member></struct></value><value><struct><member><name>attributeName</name><value><string>PayGLifeOptin</string></value></member><member><name>attributeSource</name><value><i4>1</i4></value></member><member><name>attributeValueString</name><value><string>NULL</string></value></member></struct></value><value><struct><member><name>attributeName</name><value><string>PaygLifeOptin</string></value></member><member><name>attributeSource</name><value><i4>1</i4></value></member><member><name>attributeValueString</name><value><string>NULL</string></value></member></struct></value><value><struct><member><name>attributeName</name><value><string>PokeSMSOptinDate</string></value></member><member><name>attributeSource</name><value><i4>1</i4></value></member><member><name>attributeValueString</name><value><string>NULL</string></value></member></struct></value><value><struct><member><name>attributeName</name><value><string>PokeSMSOptoutDate</string></value></member><member><name>attributeSource</name><value><i4>1</i4></value></member><member><name>attributeValueString</name><value><string>NULL</string></value></member></struct></value><value><struct><member><name>attributeName</name><value><string>PostCallOptOut</string></value></member><member><name>attributeValueString</name><value><string>20161025T01:47:38+0400</string></value></member></struct></value><value><struct><member><name>attributeName</name><value><string>PostCallOptin</string></value></member><member><name>attributeSource</name><value><i4>1</i4></value></member><member><name>attributeValueString</name><value><string>NULL</string></value></member></struct></value><value><struct><member><name>attributeName</name><value><string>PriceShout</string></value></member><member><name>attributeValueString</name><value><string>20161019T23:05:25+0400</string></value></member></struct></value><value><struct><member><name>attributeName</name><value><string>ProductHist</string></value></member><member><name>attributeSource</name><value><i4>1</i4></value></member><member><name>attributeValueString</name><value><string>NULL</string></value></member></struct></value><value><struct><member><name>attributeName</name><value><string>RLHActReqDate</string></value></member><member><name>attributeSource</name><value><i4>1</i4></value></member><member><name>attributeValueString</name><value><string>NULL</string></value></member></struct></value><value><struct><member><name>attributeName</name><value><string>RLHDeactDate</string></value></member><member><name>attributeSource</name><value><i4>1</i4></value></member><member><name>attributeValueString</name><value><string>NULL</string></value></member></struct></value><value><struct><member><name>attributeName</name><value><string>ReceivePostCallSMS</string></value></member><member><name>attributeValueString</name><value><string>T</string></value></member></struct></value><value><struct><member><name>attributeName</name><value><string>SCBOptIn</string></value></member><member><name>attributeSource</name><value><i4>1</i4></value></member><member><name>attributeValueString</name><value><string>NULL</string></value></member></struct></value><value><struct><member><name>attributeName</name><value><string>SCBOptOut</string></value></member><member><name>attributeSource</name><value><i4>1</i4></value></member><member><name>attributeValueString</name><value><string>NULL</string></value></member></struct></value><value><struct><member><name>attributeName</name><value><string>SDOptInOptOutDate</string></value></member><member><name>attributeSource</name><value><i4>1</i4></value></member><member><name>attributeValueString</name><value><string>NULL</string></value></member></struct></value><value><struct><member><name>attributeName</name><value><string>SmartPhoneExpiry</string></value></member><member><name>attributeSource</name><value><i4>1</i4></value></member><member><name>attributeValueString</name><value><string>NULL</string></value></member></struct></value><value><struct><member><name>attributeName</name><value><string>SocialBndlActChannel</string></value></member><member><name>attributeSource</name><value><i4>1</i4></value></member><member><name>attributeValueString</name><value><string>NULL</string></value></member></struct></value><value><struct><member><name>attributeName</name><value><string>SocialBndlDeActChannel</string></value></member><member><name>attributeValueString</name><value><string>4</string></value></member></struct></value><value><struct><member><name>attributeName</name><value><string>SprssNtfctn</string></value></member><member><name>attributeValueString</name><value><string>F</string></value></member></struct></value><value><struct><member><name>attributeName</name><value><string>TravSumOptInDate</string></value></member><member><name>attributeSource</name><value><i4>1</i4></value></member><member><name>attributeValueString</name><value><string>NULL</string></value></member></struct></value><value><struct><member><name>attributeName</name><value><string>TwinSIMNumber</string></value></member><member><name>attributeSource</name><value><i4>1</i4></value></member><member><name>attributeValueString</name><value><string>NULL</string></value></member></struct></value><value><struct><member><name>attributeName</name><value><string>VMCIMEI</string></value></member><member><name>attributeSource</name><value><i4>1</i4></value></member><member><name>attributeValueString</name><value><string>NULL</string></value></member></struct></value><value><struct><member><name>attributeName</name><value><string>VMCName</string></value></member><member><name>attributeSource</name><value><i4>1</i4></value></member><member><name>attributeValueString</name><value><string>NULL</string></value></member></struct></value><value><struct><member><name>attributeName</name><value><string>VdioCall</string></value></member><member><name>attributeSource</name><value><i4>1</i4></value></member><member><name>attributeValueString</name><value><string>NULL</string></value></member></struct></value><value><struct><member><name>attributeName</name><value><string>avm</string></value></member><member><name>attributeSource</name><value><i4>1</i4></value></member><member><name>attributeValueString</name><value><string>NULL</string></value></member></struct></value><value><struct><member><name>attributeName</name><value><string>avmActConfirmDate</string></value></member><member><name>attributeSource</name><value><i4>1</i4></value></member><member><name>attributeValueString</name><value><string>NULL</string></value></member></struct></value><value><struct><member><name>attributeName</name><value><string>avmActReqDate</string></value></member><member><name>attributeSource</name><value><i4>1</i4></value></member><member><name>attributeValueString</name><value><string>NULL</string></value></member></struct></value><value><struct><member><name>attributeName</name><value><string>avmCnfrmd</string></value></member><member><name>attributeSource</name><value><i4>1</i4></value></member><member><name>attributeValueString</name><value><string>NULL</string></value></member></struct></value><value><struct><member><name>attributeName</name><value><string>avmDeActConfirmDate</string></value></member><member><name>attributeSource</name><value><i4>1</i4></value></member><member><name>attributeValueString</name><value><string>NULL</string></value></member></struct></value><value><struct><member><name>attributeName</name><value><string>avmDeActReqDate</string></value></member><member><name>attributeSource</name><value><i4>1</i4></value></member><member><name>attributeValueString</name><value><string>NULL</string></value></member></struct></value><value><struct><member><name>attributeName</name><value><string>avmInfSub</string></value></member><member><name>attributeSource</name><value><i4>1</i4></value></member><member><name>attributeValueString</name><value><string>NULL</string></value></member></struct></value><value><struct><member><name>attributeName</name><value><string>avmPin</string></value></member><member><name>attributeSource</name><value><i4>1</i4></value></member><member><name>attributeValueString</name><value><string>NULL</string></value></member></struct></value><value><struct><member><name>attributeName</name><value><string>avmProf</string></value></member><member><name>attributeSource</name><value><i4>1</i4></value></member><member><name>attributeValueString</name><value><string>NULL</string></value></member></struct></value><value><struct><member><name>attributeName</name><value><string>callhold</string></value></member><member><name>attributeSource</name><value><i4>1</i4></value></member><member><name>attributeValueString</name><value><string>NULL</string></value></member></struct></value><value><struct><member><name>attributeName</name><value><string>callwait</string></value></member><member><name>attributeSource</name><value><i4>1</i4></value></member><member><name>attributeValueString</name><value><string>NULL</string></value></member></struct></value><value><struct><member><name>attributeName</name><value><string>cbAct</string></value></member><member><name>attributeSource</name><value><i4>1</i4></value></member><member><name>attributeValueString</name><value><string>NULL</string></value></member></struct></value><value><struct><member><name>attributeName</name><value><string>cbActConfirmDate</string></value></member><member><name>attributeSource</name><value><i4>1</i4></value></member><member><name>attributeValueString</name><value><string>NULL</string></value></member></struct></value><value><struct><member><name>attributeName</name><value><string>cbActReqDate</string></value></member><member><name>attributeSource</name><value><i4>1</i4></value></member><member><name>attributeValueString</name><value><string>NULL</string></value></member></struct></value><value><struct><member><name>attributeName</name><value><string>cbAll</string></value></member><member><name>attributeSource</name><value><i4>1</i4></value></member><member><name>attributeValueString</name><value><string>NULL</string></value></member></struct></value><value><struct><member><name>attributeName</name><value><string>cbCnfdAct</string></value></member><member><name>attributeSource</name><value><i4>1</i4></value></member><member><name>attributeValueString</name><value><string>NULL</string></value></member></struct></value><value><struct><member><name>attributeName</name><value><string>cbDeActConfirmDate</string></value></member><member><name>attributeSource</name><value><i4>1</i4></value></member><member><name>attributeValueString</name><value><string>NULL</string></value></member></struct></value><value><struct><member><name>attributeName</name><value><string>cbDeActReqDate</string></value></member><member><name>attributeSource</name><value><i4>1</i4></value></member><member><name>attributeValueString</name><value><string>NULL</string></value></member></struct></value><value><struct><member><name>attributeName</name><value><string>cbExpDate</string></value></member><member><name>attributeSource</name><value><i4>1</i4></value></member><member><name>attributeValueString</name><value><string>NULL</string></value></member></struct></value><value><struct><member><name>attributeName</name><value><string>cbGraceAct</string></value></member><member><name>attributeSource</name><value><i4>1</i4></value></member><member><name>attributeValueString</name><value><string>NULL</string></value></member></struct></value><value><struct><member><name>attributeName</name><value><string>cbGraceEnd</string></value></member><member><name>attributeSource</name><value><i4>1</i4></value></member><member><name>attributeValueString</name><value><string>NULL</string></value></member></struct></value><value><struct><member><name>attributeName</name><value><string>cbGraceRenew</string></value></member><member><name>attributeSource</name><value><i4>1</i4></value></member><member><name>attributeValueString</name><value><string>NULL</string></value></member></struct></value><value><struct><member><name>attributeName</name><value><string>cbIncom</string></value></member><member><name>attributeSource</name><value><i4>1</i4></value></member><member><name>attributeValueString</name><value><string>NULL</string></value></member></struct></value><value><struct><member><name>attributeName</name><value><string>cbInt</string></value></member><member><name>attributeSource</name><value><i4>1</i4></value></member><member><name>attributeValueString</name><value><string>NULL</string></value></member></struct></value><value><struct><member><name>attributeName</name><value><string>cbIntExc</string></value></member><member><name>attributeSource</name><value><i4>1</i4></value></member><member><name>attributeValueString</name><value><string>NULL</string></value></member></struct></value><value><struct><member><name>attributeName</name><value><string>cbWR</string></value></member><member><name>attributeSource</name><value><i4>1</i4></value></member><member><name>attributeValueString</name><value><string>NULL</string></value></member></struct></value><value><struct><member><name>attributeName</name><value><string>cbWarn1</string></value></member><member><name>attributeSource</name><value><i4>1</i4></value></member><member><name>attributeValueString</name><value><string>NULL</string></value></member></struct></value><value><struct><member><name>attributeName</name><value><string>cbWarn2</string></value></member><member><name>attributeSource</name><value><i4>1</i4></value></member><member><name>attributeValueString</name><value><string>NULL</string></value></member></struct></value><value><struct><member><name>attributeName</name><value><string>cfActConfirmDate</string></value></member><member><name>attributeSource</name><value><i4>1</i4></value></member><member><name>attributeValueString</name><value><string>NULL</string></value></member></struct></value><value><struct><member><name>attributeName</name><value><string>cfActReqDate</string></value></member><member><name>attributeSource</name><value><i4>1</i4></value></member><member><name>attributeValueString</name><value><string>NULL</string></value></member></struct></value><value><struct><member><name>attributeName</name><value><string>cfBusy</string></value></member><member><name>attributeSource</name><value><i4>1</i4></value></member><member><name>attributeValueString</name><value><string>NULL</string></value></member></struct></value><value><struct><member><name>attributeName</name><value><string>cfConfActive</string></value></member><member><name>attributeSource</name><value><i4>1</i4></value></member><member><name>attributeValueString</name><value><string>NULL</string></value></member></struct></value><value><struct><member><name>attributeName</name><value><string>cfData</string></value></member><member><name>attributeSource</name><value><i4>1</i4></value></member><member><name>attributeValueString</name><value><string>NULL</string></value></member></struct></value><value><struct><member><name>attributeName</name><value><string>cfDeActConfirmDate</string></value></member><member><name>attributeSource</name><value><i4>1</i4></value></member><member><name>attributeValueString</name><value><string>NULL</string></value></member></struct></value><value><struct><member><name>attributeName</name><value><string>cfDeActReqDate</string></value></member><member><name>attributeSource</name><value><i4>1</i4></value></member><member><name>attributeValueString</name><value><string>NULL</string></value></member></struct></value><value><struct><member><name>attributeName</name><value><string>cfFax</string></value></member><member><name>attributeSource</name><value><i4>1</i4></value></member><member><name>attributeValueString</name><value><string>NULL</string></value></member></struct></value><value><struct><member><name>attributeName</name><value><string>cfInt</string></value></member><member><name>attributeSource</name><value><i4>1</i4></value></member><member><name>attributeValueString</name><value><string>NULL</string></value></member></struct></value><value><struct><member><name>attributeName</name><value><string>cfLastFailedDate</string></value></member><member><name>attributeSource</name><value><i4>1</i4></value></member><member><name>attributeValueString</name><value><string>NULL</string></value></member></struct></value><value><struct><member><name>attributeName</name><value><string>cfNoReply</string></value></member><member><name>attributeSource</name><value><i4>1</i4></value></member><member><name>attributeValueString</name><value><string>NULL</string></value></member></struct></value><value><struct><member><name>attributeName</name><value><string>cfNotReach</string></value></member><member><name>attributeSource</name><value><i4>1</i4></value></member><member><name>attributeValueString</name><value><string>NULL</string></value></member></struct></value><value><struct><member><name>attributeName</name><value><string>cfVoice</string></value></member><member><name>attributeSource</name><value><i4>1</i4></value></member><member><name>attributeValueString</name><value><string>NULL</string></value></member></struct></value><value><struct><member><name>attributeName</name><value><string>clip</string></value></member><member><name>attributeSource</name><value><i4>1</i4></value></member><member><name>attributeValueString</name><value><string>NULL</string></value></member></struct></value><value><struct><member><name>attributeName</name><value><string>clir</string></value></member><member><name>attributeSource</name><value><i4>1</i4></value></member><member><name>attributeValueString</name><value><string>NULL</string></value></member></struct></value><value><struct><member><name>attributeName</name><value><string>cllrRngTne</string></value></member><member><name>attributeSource</name><value><i4>1</i4></value></member><member><name>attributeValueString</name><value><string>NULL</string></value></member></struct></value><value><struct><member><name>attributeName</name><value><string>crbtActConfirmDate</string></value></member><member><name>attributeSource</name><value><i4>1</i4></value></member><member><name>attributeValueString</name><value><string>NULL</string></value></member></struct></value><value><struct><member><name>attributeName</name><value><string>crbtActReqDate</string></value></member><member><name>attributeSource</name><value><i4>1</i4></value></member><member><name>attributeValueString</name><value><string>NULL</string></value></member></struct></value><value><struct><member><name>attributeName</name><value><string>crbtDeActConfirmDate</string></value></member><member><name>attributeValueString</name><value><string>20160726T06:17:17+0400</string></value></member></struct></value><value><struct><member><name>attributeName</name><value><string>crbtDeActReqDate</string></value></member><member><name>attributeValueString</name><value><string>20160726T06:17:05+0400</string></value></member></struct></value><value><struct><member><name>attributeName</name><value><string>crbtDeact</string></value></member><member><name>attributeValueString</name><value><string>T</string></value></member></struct></value><value><struct><member><name>attributeName</name><value><string>crtCnfrmd</string></value></member><member><name>attributeValueString</name><value><string>F</string></value></member></struct></value><value><struct><member><name>attributeName</name><value><string>crtInfSub</string></value></member><member><name>attributeSource</name><value><i4>1</i4></value></member><member><name>attributeValueString</name><value><string>NULL</string></value></member></struct></value><value><struct><member><name>attributeName</name><value><string>dataGeneric</string></value></member><member><name>attributeSource</name><value><i4>1</i4></value></member><member><name>attributeValueString</name><value><string>NULL</string></value></member></struct></value><value><struct><member><name>attributeName</name><value><string>dealerid</string></value></member><member><name>attributeSource</name><value><i4>1</i4></value></member><member><name>attributeValueString</name><value><string>NULL</string></value></member></struct></value><value><struct><member><name>attributeName</name><value><string>entFamily</string></value></member><member><name>attributeSource</name><value><i4>1</i4></value></member><member><name>attributeValueString</name><value><string>NULL</string></value></member></struct></value><value><struct><member><name>attributeName</name><value><string>entMssgingActv</string></value></member><member><name>attributeSource</name><value><i4>1</i4></value></member><member><name>attributeValueString</name><value><string>NULL</string></value></member></struct></value><value><struct><member><name>attributeName</name><value><string>entPDIntNum</string></value></member><member><name>attributeSource</name><value><i4>1</i4></value></member><member><name>attributeValueString</name><value><string>NULL</string></value></member></struct></value><value><struct><member><name>attributeName</name><value><string>faxGroup3</string></value></member><member><name>attributeSource</name><value><i4>1</i4></value></member><member><name>attributeValueString</name><value><string>NULL</string></value></member></struct></value><value><struct><member><name>attributeName</name><value><string>gprsBasicSer</string></value></member><member><name>attributeSource</name><value><i4>1</i4></value></member><member><name>attributeValueString</name><value><string>NULL</string></value></member></struct></value><value><struct><member><name>attributeName</name><value><string>gprsCarrier</string></value></member><member><name>attributeSource</name><value><i4>1</i4></value></member><member><name>attributeValueString</name><value><string>NULL</string></value></member></struct></value><value><struct><member><name>attributeName</name><value><string>gprsMms</string></value></member><member><name>attributeSource</name><value><i4>1</i4></value></member><member><name>attributeValueString</name><value><string>NULL</string></value></member></struct></value><value><struct><member><name>attributeName</name><value><string>gprsPmail</string></value></member><member><name>attributeSource</name><value><i4>1</i4></value></member><member><name>attributeValueString</name><value><string>NULL</string></value></member></struct></value><value><struct><member><name>attributeName</name><value><string>gprsWap</string></value></member><member><name>attributeSource</name><value><i4>1</i4></value></member><member><name>attributeValueString</name><value><string>NULL</string></value></member></struct></value><value><struct><member><name>attributeName</name><value><string>guiBalAdjDate</string></value></member><member><name>attributeSource</name><value><i4>1</i4></value></member><member><name>attributeValueString</name><value><string>NULL</string></value></member></struct></value><value><struct><member><name>attributeName</name><value><string>guiBalAdjVal</string></value></member><member><name>attributeSource</name><value><i4>1</i4></value></member><member><name>attributeValueString</name><value><string>NULL</string></value></member></struct></value><value><struct><member><name>attributeName</name><value><string>mainMSISDN</string></value></member><member><name>attributeSource</name><value><i4>1</i4></value></member><member><name>attributeValueString</name><value><string>NULL</string></value></member></struct></value><value><struct><member><name>attributeName</name><value><string>msisdnChgDate</string></value></member><member><name>attributeSource</name><value><i4>1</i4></value></member><member><name>attributeValueString</name><value><string>NULL</string></value></member></struct></value><value><struct><member><name>attributeName</name><value><string>multiParty</string></value></member><member><name>attributeSource</name><value><i4>1</i4></value></member><member><name>attributeValueString</name><value><string>NULL</string></value></member></struct></value><value><struct><member><name>attributeName</name><value><string>odbAll</string></value></member><member><name>attributeValueString</name><value><string>F</string></value></member></struct></value><value><struct><member><name>attributeName</name><value><string>odbIncom</string></value></member><member><name>attributeSource</name><value><i4>1</i4></value></member><member><name>attributeValueString</name><value><string>NULL</string></value></member></struct></value><value><struct><member><name>attributeName</name><value><string>odbInt</string></value></member><member><name>attributeSource</name><value><i4>1</i4></value></member><member><name>attributeValueString</name><value><string>NULL</string></value></member></struct></value><value><struct><member><name>attributeName</name><value><string>odbIntExc</string></value></member><member><name>attributeSource</name><value><i4>1</i4></value></member><member><name>attributeValueString</name><value><string>NULL</string></value></member></struct></value><value><struct><member><name>attributeName</name><value><string>odbOnlyVoice</string></value></member><member><name>attributeSource</name><value><i4>1</i4></value></member><member><name>attributeValueString</name><value><string>NULL</string></value></member></struct></value><value><struct><member><name>attributeName</name><value><string>odbOutVoice</string></value></member><member><name>attributeSource</name><value><i4>1</i4></value></member><member><name>attributeValueString</name><value><string>NULL</string></value></member></struct></value><value><struct><member><name>attributeName</name><value><string>odbWR</string></value></member><member><name>attributeSource</name><value><i4>1</i4></value></member><member><name>attributeValueString</name><value><string>NULL</string></value></member></struct></value><value><struct><member><name>attributeName</name><value><string>oddball</string></value></member><member><name>attributeSource</name><value><i4>1</i4></value></member><member><name>attributeValueString</name><value><string>NULL</string></value></member></struct></value><value><struct><member><name>attributeName</name><value><string>smsMoPp</string></value></member><member><name>attributeSource</name><value><i4>1</i4></value></member><member><name>attributeValueString</name><value><string>NULL</string></value></member></struct></value><value><struct><member><name>attributeName</name><value><string>smsMtPp</string></value></member><member><name>attributeSource</name><value><i4>1</i4></value></member><member><name>attributeValueString</name><value><string>NULL</string></value></member></struct></value><value><struct><member><name>attributeName</name><value><string>ums</string></value></member><member><name>attributeSource</name><value><i4>1</i4></value></member><member><name>attributeValueString</name><value><string>NULL</string></value></member></struct></value><value><struct><member><name>attributeName</name><value><string>umsCnfrmd</string></value></member><member><name>attributeSource</name><value><i4>1</i4></value></member><member><name>attributeValueString</name><value><string>NULL</string></value></member></struct></value><value><struct><member><name>attributeName</name><value><string>umsF2M</string></value></member><member><name>attributeSource</name><value><i4>1</i4></value></member><member><name>attributeValueString</name><value><string>NULL</string></value></member></struct></value><value><struct><member><name>attributeName</name><value><string>umsInfSub</string></value></member><member><name>attributeSource</name><value><i4>1</i4></value></member><member><name>attributeValueString</name><value><string>NULL</string></value></member></struct></value><value><struct><member><name>attributeName</name><value><string>umsSMS2F</string></value></member><member><name>attributeSource</name><value><i4>1</i4></value></member><member><name>attributeValueString</name><value><string>NULL</string></value></member></struct></value><value><struct><member><name>attributeName</name><value><string>umsVm2MMS</string></value></member><member><name>attributeSource</name><value><i4>1</i4></value></member><member><name>attributeValueString</name><value><string>NULL</string></value></member></struct></value></data></array></value></member><member><name>expiryDateTime</name><value><dateTime.iso8601>99991231T12:00:00+0000</dateTime.iso8601></value></member><member><name>offerID</name><value><i4>100</i4></value></member><member><name>offerState</name><value><i4>0</i4></value></member><member><name>offerType</name><value><i4>2</i4></value></member><member><name>startDateTime</name><value><dateTime.iso8601>20160620T18:46:28+0400</dateTime.iso8601></value></member></struct></value><value><struct><member><name>attributeInformationList</name><value><array><data><value><struct><member><name>attributeName</name><value><string>DA_302</string></value></member><member><name>attributeSource</name><value><i4>1</i4></value></member><member><name>attributeValueString</name><value><string>0</string></value></member></struct></value></data></array></value></member><member><name>dedicatedAccountInformation</name><value><array><data><value><struct><member><name>dedicatedAccountActiveValue1</name><value><string>1</string></value></member><member><name>dedicatedAccountID</name><value><i4>302</i4></value></member><member><name>dedicatedAccountUnitType</name><value><i4>5</i4></value></member><member><name>dedicatedAccountValue1</name><value><string>1</string></value></member></struct></value></data></array></value></member><member><name>expiryDateTime</name><value><dateTime.iso8601>20191013T21:02:10+0400</dateTime.iso8601></value></member><member><name>offerID</name><value><i4>302</i4></value></member><member><name>offerState</name><value><i4>0</i4></value></member><member><name>offerType</name><value><i4>2</i4></value></member><member><name>productID</name><value><i4>101</i4></value></member><member><name>startDateTime</name><value><dateTime.iso8601>00000101T12:00:00+0000</dateTime.iso8601></value></member></struct></value><value><struct><member><name>expiryDateTime</name><value><dateTime.iso8601>99991231T12:00:00+0000</dateTime.iso8601></value></member><member><name>offerID</name><value><i4>1001</i4></value></member><member><name>offerState</name><value><i4>0</i4></value></member><member><name>offerType</name><value><i4>2</i4></value></member><member><name>startDateTime</name><value><dateTime.iso8601>20161019T23:05:25+0400</dateTime.iso8601></value></member></struct></value><value><struct><member><name>expiryDateTime</name><value><dateTime.iso8601>99991231T12:00:00+0000</dateTime.iso8601></value></member><member><name>offerID</name><value><i4>1007</i4></value></member><member><name>offerState</name><value><i4>0</i4></value></member><member><name>offerType</name><value><i4>2</i4></value></member><member><name>startDateTime</name><value><dateTime.iso8601>00000101T12:00:00+0000</dateTime.iso8601></value></member></struct></value><value><struct><member><name>expiryDateTime</name><value><dateTime.iso8601>99991231T12:00:00+0000</dateTime.iso8601></value></member><member><name>offerID</name><value><i4>1134</i4></value></member><member><name>offerState</name><value><i4>0</i4></value></member><member><name>offerType</name><value><i4>2</i4></value></member><member><name>startDateTime</name><value><dateTime.iso8601>00000101T12:00:00+0000</dateTime.iso8601></value></member></struct></value><value><struct><member><name>attributeInformationList</name><value><array><data><value><struct><member><name>attributeName</name><value><string>UT_13320401</string></value></member><member><name>attributeSource</name><value><i4>1</i4></value></member><member><name>attributeValueString</name><value><string>60000</string></value></member></struct></value></data></array></value></member><member><name>expiryDateTime</name><value><dateTime.iso8601>20191013T20:49:58+0400</dateTime.iso8601></value></member><member><name>offerID</name><value><i4>1332</i4></value></member><member><name>offerState</name><value><i4>0</i4></value></member><member><name>offerType</name><value><i4>2</i4></value></member><member><name>productID</name><value><i4>100</i4></value></member><member><name>startDateTime</name><value><dateTime.iso8601>20190913T20:49:58+0400</dateTime.iso8601></value></member><member><name>usageCounterUsageThresholdInformation</name><value><array><data><value><struct><member><name>usageCounterID</name><value><i4>133204</i4></value></member><member><name>usageCounterValue</name><value><string>1866</string></value></member><member><name>usageThresholdInformation</name><value><array><data><value><struct><member><name>usageThresholdID</name><value><i4>13320401</i4></value></member><member><name>usageThresholdSource</name><value><i4>3</i4></value></member><member><name>usageThresholdValue</name><value><string>60000</string></value></member></struct></value></data></array></value></member></struct></value></data></array></value></member></struct></value><value><struct><member><name>expiryDateTime</name><value><dateTime.iso8601>99991231T12:00:00+0000</dateTime.iso8601></value></member><member><name>offerID</name><value><i4>4011</i4></value></member><member><name>offerState</name><value><i4>0</i4></value></member><member><name>offerType</name><value><i4>2</i4></value></member><member><name>startDateTime</name><value><dateTime.iso8601>00000101T12:00:00+0000</dateTime.iso8601></value></member></struct></value><value><struct><member><name>expiryDateTime</name><value><dateTime.iso8601>20230328T22:41:39+0400</dateTime.iso8601></value></member><member><name>offerID</name><value><i4>4520</i4></value></member><member><name>offerState</name><value><i4>0</i4></value></member><member><name>offerType</name><value><i4>2</i4></value></member><member><name>startDateTime</name><value><dateTime.iso8601>00000101T12:00:00+0000</dateTime.iso8601></value></member></struct></value><value><struct><member><name>attributeInformationList</name><value><array><data><value><struct><member><name>attributeName</name><value><string>OWFnFLabel</string></value></member><member><name>attributeValueString</name><value><string>Roshan Afghanistan</string></value></member></struct></value><value><struct><member><name>attributeName</name><value><string>OneWayFnF</string></value></member><member><name>attributeValueString</name><value><string>93793851546</string></value></member></struct></value><value><struct><member><name>attributeName</name><value><string>OneWayFnF</string></value></member><member><name>attributeValueString</name><value><string>93795145668</string></value></member></struct></value><value><struct><member><name>attributeName</name><value><string>OneWayFnF</string></value></member><member><name>attributeValueString</name><value><string>93792785614</string></value></member></struct></value><value><struct><member><name>attributeName</name><value><string>OneWayFnF</string></value></member><member><name>attributeValueString</name><value><string>93798152265</string></value></member></struct></value><value><struct><member><name>attributeName</name><value><string>OneWayFnFModCount</string></value></member><member><name>attributeValueDecimal</name><value><struct><member><name>attributeValueNumber</name><value><string>0</string></value></member><member><name>numberOfDecimals</name><value><i4>0</i4></value></member></struct></value></member></struct></value><value><struct><member><name>attributeName</name><value><string>OneWayFnFReset</string></value></member><member><name>attributeValueDecimal</name><value><struct><member><name>attributeValueNumber</name><value><string>1</string></value></member><member><name>numberOfDecimals</name><value><i4>0</i4></value></member></struct></value></member></struct></value><value><struct><member><name>attributeName</name><value><string>OneWayOptOutM</string></value></member><member><name>attributeSource</name><value><i4>1</i4></value></member><member><name>attributeValueString</name><value><string>NULL</string></value></member></struct></value><value><struct><member><name>attributeName</name><value><string>OneWayOptOutW</string></value></member><member><name>attributeSource</name><value><i4>1</i4></value></member><member><name>attributeValueString</name><value><string>NULL</string></value></member></struct></value></data></array></value></member><member><name>expiryDateTime</name><value><dateTime.iso8601>20191023T20:49:58+0400</dateTime.iso8601></value></member><member><name>offerID</name><value><i4>4805</i4></value></member><member><name>offerState</name><value><i4>0</i4></value></member><member><name>offerType</name><value><i4>2</i4></value></member><member><name>startDateTime</name><value><dateTime.iso8601>20190913T20:49:58+0400</dateTime.iso8601></value></member></struct></value></data></array></value></member><member><name>originTransactionID</name><value><string>2019100115210898</string></value></member><member><name>responseCode</name><value><i4>0</i4></value></member><member><name>serviceClassCurrent</name><value><i4>1001</i4></value></member><member><name>serviceFeeExpiryDate</name><value><dateTime.iso8601>20200720T12:00:00+0000</dateTime.iso8601></value></member><member><name>serviceRemovalDate</name><value><dateTime.iso8601>20200919T12:00:00+0000</dateTime.iso8601></value></member><member><name>supervisionExpiryDate</name><value><dateTime.iso8601>20200620T12:00:00+0000</dateTime.iso8601></value></member></struct></value></param></params></methodResponse>