<?xml version="1.0" encoding="ISO-8859-1"?><methodResponse><params><param><value><struct><member><name>accountFlagsAfter</name><value><struct><member><name>activationStatusFlag</name><value><boolean>1</boolean></value></member><member><name>negativeBarringStatusFlag</name><value><boolean>0</boolean></value></member><member><name>serviceFeePeriodExpiryFlag</name><value><boolean>0</boolean></value></member><member><name>serviceFeePeriodWarningActiveFlag</name><value><boolean>0</boolean></value></member><member><name>supervisionPeriodExpiryFlag</name><value><boolean>0</boolean></value></member><member><name>supervisionPeriodWarningActiveFlag</name><value><boolean>0</boolean></value></member></struct></value></member><member><name>accountFlagsBefore</name><value><struct><member><name>activationStatusFlag</name><value><boolean>1</boolean></value></member><member><name>negativeBarringStatusFlag</name><value><boolean>0</boolean></value></member><member><name>serviceFeePeriodExpiryFlag</name><value><boolean>0</boolean></value></member><member><name>serviceFeePeriodWarningActiveFlag</name><value><boolean>0</boolean></value></member><member><name>supervisionPeriodExpiryFlag</name><value><boolean>0</boolean></value></member><member><name>supervisionPeriodWarningActiveFlag</name><value><boolean>0</boolean></value></member></struct></value></member><member><name>availableServerCapabilities</name><value><array><data><value><i4>939860676</i4></value><value><i4>10028</i4></value></data></array></value></member><member><name>negotiatedCapabilities</name><value><array><data><value><i4>0</i4></value></data></array></value></member><member><name>originTransactionID</name><value><string>2019091916574756</string></value></member><member><name>responseCode</name><value><i4>0</i4></value></member></struct></value></param></params></methodResponse>